{
  "hash": "0b309304",
  "configHash": "a3ef85f5",
  "lockfileHash": "382c4903",
  "browserHash": "8b8e03c8",
  "optimized": {
    "@angular/common": {
      "src": "../../../../../node_modules/@angular/common/fesm2022/common.mjs",
      "file": "@angular_common.js",
      "fileHash": "e4c1fc60",
      "needsInterop": false
    },
    "@angular/common/http": {
      "src": "../../../../../node_modules/@angular/common/fesm2022/http.mjs",
      "file": "@angular_common_http.js",
      "fileHash": "9c676613",
      "needsInterop": false
    },
    "@angular/core": {
      "src": "../../../../../node_modules/@angular/core/fesm2022/core.mjs",
      "file": "@angular_core.js",
      "fileHash": "4bfbae61",
      "needsInterop": false
    },
    "@angular/forms": {
      "src": "../../../../../node_modules/@angular/forms/fesm2022/forms.mjs",
      "file": "@angular_forms.js",
      "fileHash": "ad170c60",
      "needsInterop": false
    },
    "@angular/platform-browser": {
      "src": "../../../../../node_modules/@angular/platform-browser/fesm2022/platform-browser.mjs",
      "file": "@angular_platform-browser.js",
      "fileHash": "c39cb522",
      "needsInterop": false
    },
    "@angular/router": {
      "src": "../../../../../node_modules/@angular/router/fesm2022/router.mjs",
      "file": "@angular_router.js",
      "fileHash": "b8b78525",
      "needsInterop": false
    }
  },
  "chunks": {
    "chunk-6ESOLZA7": {
      "file": "chunk-6ESOLZA7.js"
    },
    "chunk-7KDMZVDE": {
      "file": "chunk-7KDMZVDE.js"
    },
    "chunk-C5AWLI3C": {
      "file": "chunk-C5AWLI3C.js"
    },
    "chunk-37IT5BJX": {
      "file": "chunk-37IT5BJX.js"
    }
  }
}