{
  "hash": "667b31c1",
  "configHash": "bd8059d5",
  "lockfileHash": "382c4903",
  "browserHash": "1e7210b9",
  "optimized": {
    "@angular/common": {
      "src": "../../../../../node_modules/@angular/common/fesm2022/common.mjs",
      "file": "@angular_common.js",
      "fileHash": "57bb1bdb",
      "needsInterop": false
    },
    "@angular/common/http": {
      "src": "../../../../../node_modules/@angular/common/fesm2022/http.mjs",
      "file": "@angular_common_http.js",
      "fileHash": "47c446d1",
      "needsInterop": false
    },
    "@angular/core": {
      "src": "../../../../../node_modules/@angular/core/fesm2022/core.mjs",
      "file": "@angular_core.js",
      "fileHash": "07f58084",
      "needsInterop": false
    },
    "@angular/forms": {
      "src": "../../../../../node_modules/@angular/forms/fesm2022/forms.mjs",
      "file": "@angular_forms.js",
      "fileHash": "a52b3b0f",
      "needsInterop": false
    },
    "@angular/platform-browser": {
      "src": "../../../../../node_modules/@angular/platform-browser/fesm2022/platform-browser.mjs",
      "file": "@angular_platform-browser.js",
      "fileHash": "f12f2e5d",
      "needsInterop": false
    },
    "@angular/router": {
      "src": "../../../../../node_modules/@angular/router/fesm2022/router.mjs",
      "file": "@angular_router.js",
      "fileHash": "e7d05c74",
      "needsInterop": false
    },
    "rxjs": {
      "src": "../../../../../node_modules/rxjs/dist/esm5/index.js",
      "file": "rxjs.js",
      "fileHash": "17f2f592",
      "needsInterop": false
    },
    "tslib": {
      "src": "../../../../../node_modules/tslib/tslib.es6.mjs",
      "file": "tslib.js",
      "fileHash": "fc02c131",
      "needsInterop": false
    }
  },
  "chunks": {
    "chunk-6Y6UQW2D": {
      "file": "chunk-6Y6UQW2D.js"
    },
    "chunk-FFQV3IQC": {
      "file": "chunk-FFQV3IQC.js"
    },
    "chunk-CQA33T52": {
      "file": "chunk-CQA33T52.js"
    },
    "chunk-JP5LWM4N": {
      "file": "chunk-JP5LWM4N.js"
    },
    "chunk-BHBYJEJW": {
      "file": "chunk-BHBYJEJW.js"
    },
    "chunk-QOHD3WUR": {
      "file": "chunk-QOHD3WUR.js"
    }
  }
}